id|first_name|last_name
1|Worth|Whyler
2|Stanly|Elington
3|Mordecai|Marre
4|Rozalin|Drinan
5|Tabina|Pitchford
6|Stephan|Pudan
7|Allina|Ferraresi
8|Corabelle|Assad
9|Gelya|Bushrod
10|Vickie|Hamill
11|Rona|Pepall
12|Delmar|Caffery
13|Marci|Hammon
14|Jorry|Looby
15|Nomi|Jurges
16|Harlene|Hiorn
17|Mellisent|Faughey
18|Julianne|McLanaghan
19|Mandy|Imos
20|Pepe|Bradder
21|Brnaby|Wadwell
22|Charmain|Sanday
23|Gracie|Mattielli
24|Juliette|Tonbye
25|Kassi|Cranage
26|Sibel|Borthwick
27|Chilton|Wahlberg
28|Emera|D'Elia
29|Dalia|Stuart
30|Joly|Fraine
31|Sherman|Domanek
32|Arlinda|Meeny
33|Kimbra|Gaitung
34|Dante|Bradfield
35|Sheila-kathryn|MacNair
36|Stan|Benley
37|Rudiger|Itzak
38|Gail|Gerling
39|Lucia|Upham
40|Fanechka|O'Cannan
41|Pebrook|Walkinshaw
42|Hadrian|Corneliussen
43|Sheba|Mackleden
44|Mitchel|Dorning
45|Darya|Edwicker
46|Tiler|Gittoes
47|Lizzy|Wilcocke
48|Renato|Darkins
49|Jayson|Abbys
50|Alisa|Dufour
51|Eolande|Levermore
52|Aaren|Walkington
53|Karlotta|Shorbrook
54|Decca|Bradwell
55|Phebe|Houston
56|Luca|Hamnett
57|Justina|Chown
58|Shermy|Whitehall
59|Launce|Hellin
60|Joelynn|Zuanelli
61|Kelley|Midgely
62|Georgetta|Pinsent
63|Terrance|Meldrum
64|Celine|Darby
65|Alicea|Fiddy
66|Dominick|Hencke
67|Fleming|Jeafferson
68|Neale|Spencook
69|Basia|Readshaw
70|Lenette|Ficken
71|Gayleen|Vernau
72|Rosy|Dreng
73|Aubrey|Guerrier
74|Christophorus|Cicetti
75|Rania|Flancinbaum
76|Aylmar|Vousden
77|Nanny|Corbett
78|Teador|Alexsandrowicz
79|Quint|Nicholes
80|Glenda|Symondson
81|Kissie|Savin
82|Stefa|Blaasch
83|Tammie|Tweddle
84|Lance|Morit
85|Parker|Foggo
86|Si|Alebrooke
87|Anna-maria|Lightwing
88|Legra|Casserley
89|Gallard|Dries
90|Corabella|Mawditt
91|Laural|Knoble
92|Dagny|Gabbett
93|Jyoti|Giacomoni
94|Liza|Gaskarth
95|Nola|Torbard
96|Cornela|Norster
97|Rodney|Parades
98|Wandie|Shutler
99|Tiffanie|Piele
100|Carlyn|Pickerill
101|Arther|Epinay
102|Edyth|Boucher
103|Kasey|Camerana
104|Patrica|Faltskog
105|Wini|Blindermann
106|Rebbecca|Donaghie
107|Drew|Ledington
108|Bartolemo|MacIlhagga
109|Barbey|Meeson
110|Puff|Dinnies
111|Raimondo|Abramovitch
112|Camilla|Bootman
113|Gwenny|Cuell
114|Daron|Pyke
115|Mack|Rambadt
116|West|Santorini
117|Bogey|O'Lehane
118|Guy|Kanzler
119|Dallon|Roget
120|Alexine|Messier
121|Mace|Face
122|Felicity|Fleming
123|Zollie|Carabine
124|Jobi|O'Giany
125|Georgeta|Rummin
126|Urbano|Dawton
127|Arlinda|Thing
128|Nicolea|Bims
129|Rachael|Klimochkin
130|Maud|Winwood
131|Rennie|Heliot
132|Mord|Tease
133|Durward|Tremoulet
134|Elmore|Spatoni
135|Adair|Poll
136|Jess|Savery
137|Jonell|Riggey
138|Lilith|Roose
139|Zeb|Banbrigge
140|Dody|Pascall
141|Gale|Pohlke
142|Eimile|Weatherell
143|Atalanta|Norridge
144|Mel|Gluyas
145|Ashley|McRorie
146|Stevy|Yurchishin
147|Teddy|Bastone
148|Rebeka|McMackin
149|Gaelan|Bonick
150|Annamaria|Twigger
151|Alyss|Cordoba
152|Ellerey|Clemmitt
153|Lon|Kermath
154|Maryann|Addionizio
155|Jim|Pavy
156|Zarla|Brown
157|Spenser|Strutley
158|Joscelin|Brierley
159|Warde|Mcmanaman
160|Geraldine|Radbond
161|Loise|Deetch
162|Jaime|Scogin
163|Sigfrid|Maffulli
164|Koral|Kellett
165|Katheryn|Jennery
166|Rudolf|Clamp
167|Clio|Stripling
168|Ludovico|Dahlback
169|Alfons|Ottiwill
170|Renado|Buncombe
171|Lena|Greenroa
172|Elfrieda|Main
173|Kile|Lanon
174|Jodie|Goodrum
175|Chelsy|Francesconi
176|Tabb|Greengrass
177|Xylia|Jobke
178|Yolande|Semens
179|Christiano|Serrels
180|Sal|Fazackerley
181|Joey|Booton
182|Saunders|Macken
183|Thomasina|Wymer
184|Klara|Yarnley
185|Arlee|Lagden
186|Arlyn|Verey
187|Berton|Smithend
188|Carry|Dupree
189|Jehanna|Stryde
190|Robinet|De Cruce
191|Adolphe|Lovie
192|Dugald|Conway
193|Evaleen|Chandlar
194|Humfried|Allbon
195|Korney|Revely
196|Marney|Wanka
197|Winona|Steckings
198|Lorne|Yezafovich
199|Golda|Eseler
200|Koenraad|Jeandillou
201|Cathrin|Quinet
202|Regen|Lidgertwood
203|Brook|Mosby
204|Sheelah|Spadeck
205|Juliann|Gooble
206|Chrissie|Bramah
207|Doralyn|Dundon
208|Saunders|Twopenny
209|Alyce|Cuschieri
210|Cal|Cheel
211|Bonita|Bazelle
212|Rachelle|Tersay
213|Caresse|Gierek
214|Corri|Pietersma
215|Anthony|Seabourne
216|Trip|Guthrum
217|Sheilakathryn|Edmonds
218|Babbie|Mathevon
219|Tamiko|Kubalek
220|Sashenka|Catterall
221|Jany|Stubbeley
222|Quent|Eyckelberg
223|Melli|Mainstone
224|Northrup|Kegg
225|Rosabella|Drinkwater
226|Elonore|Echalier
227|Ardyth|Neumann
228|Aleda|De Bernardis
229|Antonia|Stuck
230|Forster|Tolussi
231|Lyndsay|Hartnell
232|Giorgio|Clemitt
233|Perkin|Godsell
234|Pegeen|Ingleton
235|Charil|Huntar
236|Sig|Tiffney
237|Dorothy|Ranklin
238|Lia|Ludwikiewicz
239|Kahlil|Balfe
240|Ludvig|Castel
241|Aloise|Leyson
242|Marchall|Schuler
243|Jock|Dumingo
244|Rodd|Caseborne
245|Melessa|Eixenberger
246|Lucina|Venditti
247|Montague|Lissett
248|Sibella|Costa
249|Ermin|Marchand
250|Giorgi|Riggott
251|Brit|Nix
252|Chrysler|Copelli
253|Benedetta|Skitterel
254|Abigael|Eynaud
255|Sancho|Abrahamsen
256|Leisha|Bernaciak
257|Fayina|Dorrity
258|Georgiana|Housley
259|Archibold|Clements
260|Debera|Harnetty
261|Pauly|Legging
262|Ruy|Bullas
263|Averil|Puckett
264|Philomena|Delph
265|Gwendolen|Barter
266|Sterne|Sowman
267|Nathalie|Peterkin
268|Paco|Zorener
269|Lyndsey|Yakhin
270|Deedee|Kleinstein
271|Aleda|Brute
272|Fredelia|Dobbson
273|Ainslie|Woan
274|Wrennie|Abadam
275|Melisande|Stobbart
276|Vittoria|Pelling
277|Delia|Trayes
278|Rudd|Belhome
279|Hetti|Padrick
280|Myles|Pietzker
281|Ralina|Clutton
282|Koralle|Valance
283|Kessia|Rosander
284|Bathsheba|Earey
285|Denise|Valentinuzzi
286|Gladys|Verrall
287|Alain|Castletine
288|Hedy|Mannin
289|Jenilee|Rontree
290|Hugo|Bullar
291|Nehemiah|Reppaport
292|Elmore|Nott
293|Gael|Cobbing
294|Toby|Jeenes
295|Ingamar|O'Gorman
296|Abbi|Franzetti
297|Hyacinth|Gullan
298|Mathilda|Oslar
299|Aloin|Leamon
300|Clarke|Andrus
301|Jephthah|Georghiou
302|Mellisent|Della
303|Emily|Jankowski
304|Thacher|Hencke
305|Will|Castiglione
306|Maryl|Lusher
307|Tammy|Crockatt
308|Audy|Tixier
309|Ann-marie|Crighton
310|Neron|Gouinlock
311|Latia|Guise
312|Rhianna|Style
313|Christophe|Bennie
314|Xaviera|Reville
315|Crista|De Maine
316|Berget|Zannotti
317|Arlene|Renac
318|Brunhilde|MacGinney
319|Dasya|Drinkeld
320|Spencer|Antonomolii
321|Erina|Ellens
322|Pierette|Took
323|Buffy|McAvaddy
324|Colline|Ding
325|Helli|Schoular
326|Gregorio|Glasscoo
327|Charlot|Webber
328|Bridie|Pes
329|Vin|Bartozzi
330|Cherin|Hubbert
331|Pryce|Hugnot
332|Asher|Davenhill
333|Andrus|McEntegart
334|Liana|Marling
335|Doloritas|Benner
336|Warden|Christoffe
337|Maurizio|Schinetti
338|Reta|Hankin
339|Thomasina|Podd
340|Otes|McAulay
341|Lorain|Howitt
342|Ebeneser|Brands
343|Glennie|Cottel
344|Orren|Roubay
345|Jan|Scarlin
346|Ashbey|Garci
347|Martina|Burditt
348|Babara|Malam
349|Odelia|Mulvin
350|Jere|Vasiliu
351|Tonie|Traise
352|Jens|Duigenan
353|Noami|Barritt
354|Chandra|Magauran
355|Nicoli|Sackey
356|Enrica|Erik
357|Albrecht|Scoullar
358|Calli|Thayre
359|Shara|Churm
360|Dari|Kittredge
361|Deirdre|Baignard
362|Gram|Dunnett
363|Fredrick|Blofeld
364|Byron|Sprionghall
365|Kristal|McVaugh
366|Tann|Sorro
367|Hermann|Poveleye
368|Winn|Epton
369|Gard|McCarty
370|Michal|Cutbirth
371|Ebonee|Cairns
372|Kristofor|Pennazzi
373|Odilia|Benez
374|Burton|Bengochea
375|Florella|Guare
376|Alisander|Bilham
377|Jozef|Conquest
378|Annadiane|Cantor
379|Shandie|Butfield
380|Patrizio|Scarse
381|Dannie|Dutch
382|Vanya|McNamara
383|Gib|Stigell
384|Octavia|Metschke
385|Alameda|Cristofol
386|Grata|Musker
387|Marcille|Lovekin
388|Joellen|Nelthropp
389|Hadley|Gammidge
390|Joly|Jakuszewski
391|Shurlocke|Alleburton
392|Linus|Rignall
393|Sula|Clewer
394|Lu|Withey
395|Hyacinthe|Callan
396|Sofie|Symms
397|Erastus|Craise
398|Britt|Renzullo
399|Kaja|Glandfield
400|Crystie|Gundrey
401|Andromache|Salery
402|Leisha|Hayhurst
403|Jere|Scinelli
404|Salomone|Walby
405|Shelley|Mulchrone
406|Lidia|Greave
407|Nataniel|Duffrie
408|Berti|Fitton
409|Berta|Wildman
410|Bald|Toe
411|Jeanna|Flawn
412|Katusha|Haithwaite
413|Jackqueline|Bruckner
414|Faunie|Van der Kruis
415|Ruddy|Biggs
416|Dalt|Kares
417|Aldric|Mosdell
418|Consuela|Stimson
419|Sherry|McMeekan
420|Marja|Itzkov
421|Selle|Grigoliis
422|Lacey|Kingswood
423|Mort|Anersen
424|Dewie|Piffe
425|Katti|Alenikov
426|Josi|Lightbown
427|Pamelina|Lanigan
428|Kaleb|Shippam
429|Eolande|Duffyn
430|Euell|Ruger
431|Tobey|Clawley
432|Aveline|Blankenship
433|Oralle|Dowles
434|Harlie|Berrey
435|Sidoney|Wheeldon
436|Kirby|Bettam
437|Brendin|Talmadge
438|Tamar|Bezemer
439|Thomasa|Durrant
440|Delano|Stuckow
441|Queenie|Andreolli
442|Hattie|Hehl
443|Abagail|Omrod
444|Shellysheldon|Keppie
445|Othilie|Alderson
446|Chantalle|Jannasch
447|Curtis|Channing
448|Jonathan|Garmans
449|Vallie|Camfield
450|Emmie|Cleeve
451|Gabie|Mines
452|Yetta|Boocock
453|Phillipe|Whipp
454|Windham|Kulis
455|Jerrylee|Grigoryev
456|Fredek|Spelsbury
457|Amy|Ratchford
458|Emlynne|Gullan
459|Betsy|Jellis
460|Alonso|Bjerkan
461|Keary|Scardefield
462|Niccolo|Dable
463|Wesley|Sweetsur
464|Jereme|Hulbert
465|Gerrie|Slimming
466|Gwennie|Pert
467|Guthry|Phippard
468|Amil|Dallaway
469|Yardley|Lindmark
470|Michelle|Khosa
471|Darbee|Giraudat
472|Guillermo|Horrell
473|Bertina|Heffernon
474|Jayson|Worgan
475|Gabrila|Carver
476|Franchot|Gras
477|Cherilyn|Solleme
478|Margaretha|Hart
479|Leonid|Vanlint
480|Weber|Hardey
481|Joan|Jorge
482|Emiline|Boskell
483|Layton|Osbourn
484|Alikee|Messier
485|Jobi|Provost
486|Lindy|Hadye
487|Lilith|Le Conte
488|Arabela|Forsey
489|Shir|Grishechkin
490|Tabbitha|O'Cahey
491|Beryle|Durbyn
492|Lenard|Latchford
493|Tabbi|Matteoni
494|Woody|Slack
495|Erin|Phizackarley
496|Billy|Farron
497|Abelard|Lipmann
498|Lindie|Vonderdell
499|Thornton|Tatlow
500|Dare|MacRitchie
501|Jordana|Einchcombe
502|Arlen|Tappin
503|Shea|Reburn
504|Stewart|Iwaszkiewicz
505|Syman|Cutriss
506|Barron|Luty
507|Winnie|Skamal
508|Cornelle|Mackerel
509|Beryle|Gorler
510|Tildy|Colgrave
511|Erasmus|Karchewski
512|Helenka|Lannen
513|Andreas|Tupman
514|Marcy|Laurant
515|Rafferty|Marguerite
516|Tine|Springthorpe
517|Julius|Verrechia
518|Cleopatra|Schapiro
519|Nehemiah|Wadman
520|Mari|Balmer
521|Aurelie|Donneely
522|Moises|Crichten
523|Marcela|Wisbey
524|Rogerio|Gogan
525|Timoteo|Dussy
526|Mitchael|Didball
527|Daloris|Gartsyde
528|Karmen|Lille
529|Von|Trahearn
530|Milly|Hadden
531|Berthe|Bartolomeo
532|Shelby|Conichie
533|Kimmie|Janas
534|Skippy|Goldring
535|Casandra|Cromwell
536|Lilllie|Tibb
537|Ottilie|Dallimore
538|Emmalynne|Joye
539|Pietra|Sayers
540|Geri|Elvins
541|Hildegaard|Dunan
542|Alaine|Fitzgerald
543|Wyatt|Glave
544|Nikolai|Sukbhans
545|Hans|Renshaw
546|Karel|Rackham
547|Audrie|Alison
548|Vlad|Marshland
549|Annmaria|Thomasset
550|Rayna|Gowland
551|Rafaello|Filyukov
552|Elysia|Jorn
553|Waylon|Erwin
554|Don|Mompesson
555|Selie|Elvey
556|Timmie|Cushworth
557|Isabeau|Cheyney
558|Christa|Cassius
559|Fernande|Rennles
560|Phyllis|Uvedale
561|Jada|Northin
562|Pammi|Marousek
563|Grantham|Sly
564|Willamina|Elvish
565|Freedman|Ettery
566|Thorpe|Capstake
567|Gaylene|Curee
568|Delphine|Greggor
569|Shea|Gumbrell
570|Gabriel|Durkin
571|Ashlin|Semour
572|Tannie|Ghirigori
573|Danika|Prin
574|Jolyn|Eggle
575|Cynde|Spinelli
576|Francois|Yakunchikov
577|Nanice|Crosseland
578|Conn|Heyworth
579|Sybil|Grigore
580|Geraldine|Cakebread
581|Julianne|Degg
582|Ilyse|Fireman
583|Valentine|McGaw
584|Willey|Humpatch
585|Nerita|Pheazey
586|Maddi|Ion
587|Traver|Clows
588|Winfield|Lavrinov
589|Emlynn|Fildery
590|Shaina|Coakley
591|Tamarra|Olander
592|Wolf|Fordy
593|Moshe|Vedekhin
594|Byram|Lanaway
595|Jordanna|Domokos
596|Flss|Cotton
597|Edythe|Poveleye
598|Sherwood|Decayette
599|Dilly|Toderi
600|Brod|Rimmington
601|Denice|Paff
602|Haroun|Godthaab
603|Barnebas|Keys
604|Abbye|Loveitt
605|Carmella|Leuchars
606|Trip|Kennifick
607|Anjela|Croydon
608|Lanita|Govan
609|Orran|Langer
610|Padraic|Stredwick
611|Delbert|Cade
612|Sydney|Wayon
613|Naomi|Robberecht
614|Patrizia|Wartonby
615|Katee|Josebury
616|Averell|Avery
617|Maddie|Meadows
618|Chere|Ricciardelli
619|Rick|Chavrin
620|Hedvige|McNeachtain
621|Petey|Chieco
622|Matty|Putland
623|Ingram|Stillgoe
624|Geri|Patel
625|Karlis|Tolwood
626|Fritz|Attrey
627|Mitch|MacMeekan
628|Burton|Girodias
629|Nial|Phillott
630|Ronda|Gullick
631|Veradis|Massingham
632|Evvy|Ascraft
633|Adella|Broadhurst
634|Valida|Doggerell
635|Tessie|Willerton
636|Terrell|Utterson
637|Shelby|Saines
638|Mendie|Floyed
639|Dion|Rysom
640|Alfie|Glisane
641|Carl|Possel
642|Grover|Lampbrecht
643|Serena|Christophe
644|Henrik|Frankton
645|Ferris|Burburough
646|Beitris|Frizzell
647|Silvio|O'Gormley
648|Felike|Vlasenkov
649|Neville|Cussins
650|Jackie|Cradey
651|Laural|Paddick
652|Catlaina|Bezants
653|Guenna|Rodder
654|Wolfy|Bestar
655|Kip|Viner
656|Lawrence|Lukacs
657|Lucy|Obington
658|Maura|Sidgwick
659|Alejandro|Pogue
660|Elayne|Farlham
661|Cosmo|MacEveley
662|Goldie|Bumpus
663|Alia|Cosham
664|Rafaellle|Amor
665|Marlie|Wybrew
666|Valencia|Coleman
667|Burl|Santino
668|Ainsley|Preon
669|Nappie|Choke
670|Jasper|Bartot
671|Alyce|Fayter
672|Kellyann|Woodwing
673|Trescha|Crowch
674|Genvieve|Quigley
675|Lexis|Burrow
676|Olivia|Entwistle
677|Cary|MacParlan
678|Laina|Desvignes
679|Hernando|Nairns
680|Pearl|McShee
681|Eydie|Huitson
682|Ann|Capron
683|Dawn|MacKinnon
684|Fairlie|Hassall
685|Hoyt|Devas
686|Betsy|Trosdall
687|Kevina|Sabin
688|Anabella|Hooke
689|Teddi|Marre
690|Arleyne|Derycot
691|Allistir|Wildsmith
692|Annalise|Overal
693|Robyn|Zannotelli
694|Alberik|Shorthill
695|Burch|Harlowe
696|Nerissa|Rowswell
697|Bobine|Stoll
698|Willette|Blinder
699|Vin|Thorius
700|Silvan|Stebbings
701|Tiffany|Cervantes
702|Gustav|Heeran
703|Abbie|Challin
704|Alli|Messer
705|Aldwin|Simenon
706|Gabriel|Firman
707|Alana|Sunock
708|Bartolomeo|Launder
709|Cletus|Curryer
710|Stephan|Hodgon
711|Rebecca|Ewington
712|Elonore|Lancetter
713|Arnold|Renhard
714|Ericka|Fischer
715|Vicki|Welldrake
716|Florencia|Bruckman
717|Freddy|Rulten
718|Giulio|Hynson
719|Terencio|Fallens
720|Basil|Sloan
721|Merissa|Raddin
722|Fons|Veryan
723|Desi|Carmen
724|Eliot|Ouchterlony
725|Edwin|Surby
726|Shay|Wyeth
727|Bowie|Elsom
728|Phylys|Tavinor
729|Roxi|Inkpin
730|Berti|Glasscoe
731|Clayborn|Plett
732|Keefe|Popham
733|Nellie|Whenham
734|Vikki|Pannett
735|Mack|Monnelly
736|Gardener|Waterhowse
737|Sheilakathryn|Mordon
738|Jesse|Mullin
739|Rona|Proom
740|Rudd|Scarce
741|Antonetta|Duke
742|Hilliary|Hamlen
743|Juline|Ruprich
744|Paulette|Pillinger
745|Angeli|Southerden
746|Allina|Newbury
747|Karlene|Corroyer
748|Kinna|Vittet
749|Goddard|Tinghill
750|Ervin|Waitland
751|Caz|Van Der Straaten
752|Emlynn|Lefridge
753|Florencia|McLleese
754|Clem|Tolfrey
755|Pearla|Hebblewaite
756|Andrei|Link
757|Audy|Haycox
758|Donavon|Trudgian
759|Eldridge|Buxsy
760|Lorilee|Balassa
761|Will|Kiddey
762|Charley|Whyard
763|Olivero|Aysik
764|Vitia|Durbyn
765|Gwenny|Pentercost
766|Davine|Kelshaw
767|Errick|Boeter
768|Marji|Rosewell
769|Breena|MacCahee
770|Allis|Jovasevic
771|Giselle|Cathie
772|Giuseppe|Barnaby
773|Way|Goude
774|Issy|Echallier
775|Kenton|Darker
776|Jazmin|Whitewood
777|Maryrose|Sterland
778|Nanete|Bodley
779|Ivory|Mungin
780|Dahlia|Bedell
781|Silas|Tatersale
782|Trisha|Guard
783|Sly|Oleksiak
784|Paige|McFadyen
785|Rivalee|Itzchaki
786|Ashlen|Blinde
787|Carrol|Mixter
788|Brander|Arnopp
789|Robin|Hagley
790|Floyd|Rhule
791|Dita|Chate
792|Culley|Dockrell
793|Philippe|Ebhardt
794|Lucretia|Trustrie
795|Byran|Ommanney
796|Leonhard|Athowe
797|Noam|Kochlin
798|Pierson|Chrstine
799|Sigmund|Drakeley
800|Mellicent|Sedgebeer
801|Rolph|Camilleri
802|Brok|Bum
803|Bertina|Raittie
804|Byran|Bossons
805|Lyndel|Sprason
806|Viv|Clemmett
807|Ailee|Livzey
808|Corbie|Stowell
809|Bernie|Clutterbuck
810|Haily|McPhee
811|Lindsay|Mulrooney
812|Nona|Duffil
813|Jaclyn|Manueau
814|Urbano|Haet
815|Angel|Danforth
816|Jacenta|Spaight
817|Tammi|Votier
818|Sean|Solloway
819|Byran|MacVay
820|Emelda|Branch
821|Chrisse|Parnell
822|Herculie|Teasdale-Markie
823|Oralle|Jovic
824|Rubetta|Busse
825|Madelina|Kadwallider
826|Antonino|Blesli
827|Pammie|Cholwell
828|Maxwell|Bubeer
829|Lauree|Merrifield
830|Georgette|Crudge
831|Ladonna|Jakubski
832|Conroy|Livesay
833|Gayla|Dimond
834|Zia|Ephson
835|Candy|Barnsdall
836|Jo-anne|Allright
837|Giselle|Somerbell
838|Karol|Gartin
839|Dulce|Bullerwell
840|Fair|Kitchaside
841|Osmond|Ateggart
842|Savina|Chicotti
843|Felisha|Ewart
844|Babette|Wyldish
845|Lacie|Lohrensen
846|Claiborne|Klaassens
847|Carlyle|Eynald
848|Glendon|Coad
849|Ginny|Le Noire
850|Willi|Marciskewski
851|Silas|Alibone
852|Elenore|Stickley
853|Phaidra|Woodson
854|Tova|Ikin
855|Ragnar|Stallan
856|Gasparo|MacClancey
857|Orbadiah|Willimot
858|Sheridan|Shipway
859|Adore|Swinfen
860|Rikki|Lob
861|Hesther|Kubik
862|Arabela|Simmans
863|Max|McGoogan
864|Frieda|Anderl
865|Morlee|Sieur
866|Bryan|Pol
867|Fiann|Bragge
868|Heather|Redsell
869|Symon|Chedzoy
870|Damon|Husher
871|Sapphira|Peyro
872|Shell|Veart
873|Aprilette|McCoveney
874|Briant|Gauld
875|Patrick|Lempenny
876|Haven|Lerner
877|Ashlan|Arnal
878|Madelin|Dohmann
879|Cyrill|Jaan
880|Latashia|Van Dale
881|Emmie|Mufford
882|Harli|Brayley
883|Bunni|Spellessy
884|Cornie|Jurges
885|Grannie|Westgate
886|Allianora|Dunnaway
887|Lauree|Syalvester
888|Davin|Fansy
889|Marybeth|Cliss
890|Franny|Schoffel
891|Ashlen|Grayson
892|Artur|Hilland
893|Chet|Mesnard
894|Gearalt|Jillings
895|Aldridge|Wadge
896|Sonya|Sadd
897|Gabrielle|Matushevich
898|Lenora|Chesters
899|Howard|Iskowitz
900|Nola|Reast
901|Carmine|Fenning
902|Rosalinda|Knappitt
903|Loise|Davidai
904|Krisha|Kedslie
905|Filberto|Hutchason
906|Far|Pelchat
907|Felipa|Mouncey
908|Melissa|Enrietto
909|Stearn|Ulyet
910|Judie|Shwenn
911|Aylmar|Scanlan
912|Gray|Baignard
913|Stillman|Charity
914|Diandra|Iacopo
915|Perry|Kingescot
916|Iris|Tinker
917|Flori|Broom
918|Jerome|Male
919|Bessy|Fyndon
920|Grazia|Gendricke
921|Melisande|Kopta
922|Haley|Dutnell
923|Fernanda|McReedy
924|Tiphani|Holwell
925|Ferris|Delacroux
926|Cyndie|Kenshole
927|Dody|Chable
928|Ty|Paolini
929|Louella|Oddey
930|Sigfried|Rivaland
931|Phillipp|Catchpole
932|Lauree|Koppke
933|Brenna|Rupke
934|Read|Ellicock
935|Kennith|Ratie
936|Cob|Poultney
937|Joellen|Lindelof
938|Branden|Gerner
939|Hobart|Doyle
940|Alonzo|Bonifacio
941|Hardy|Bricknell
942|Valry|Kleinberer
943|Zack|Barby
944|Marc|Josefer
945|Adi|Punter
946|Bobbee|Bartozzi
947|Leeann|Perez
948|Gerik|Puig
949|Geralda|Buist
950|Joshia|Castaignet
951|Langsdon|Stubbins
952|Barbette|Railton
953|Vi|Elsby
954|Graham|Ricket
955|Minetta|Cullip
956|Laure|Domange
957|Bunni|Sansom
958|Laureen|Izacenko
959|Aldus|Sitch
960|Rozelle|Kingswold
961|Patten|Chilles
962|Dianna|Aizik
963|Otho|Enderson
964|Eryn|Brandts
965|Patton|McKeveney
966|Jessika|Kleuer
967|Hort|Elgee
968|Clo|Mulvihill
969|Luise|Rundle
970|Levy|Treble
971|Arabela|Feehan
972|Gwenny|Mazey
973|Nicoline|Prescote
974|Dee|Torpie
975|Gun|Spondley
976|Gianna|Vanyushin
977|Lorrie|Cambridge
978|Delphinia|Hazleton
979|Duffie|Blunkett
980|Tressa|Dockrell
981|Rainer|Cottham
982|Mortie|Duesberry
983|Simone|Shepland
984|Matthiew|Fend
985|Tatum|Blessed
986|Danie|Milburne
987|Cristian|Elam
988|Lin|Beedle
989|Gabriellia|Boat
990|Sybilla|Ariss
991|Zacharias|Weth
992|Bret|Sindall
993|Aurora|Allcock
994|Shirline|Spelling
995|Lenci|Shilliday
996|Oberon|Yeeles
997|Milissent|Spinige
998|Ike|Dust
999|Leia|Sprosson
1000|Ursula|Dradey
